receipt_id,missing_filename,reason
24090035,1726834780653-1000160434.jpg,"Image(s) not found among payment_evidence for this receipt_id"
24090163,1725906295515-IMG_20240909_212123.jpg,"Image(s) not found among payment_evidence for this receipt_id"
24090250,1725638004766-1000167970.jpg,"Image(s) not found among payment_evidence for this receipt_id"
24090428,1725977596570-6262f9fc-92d9-4467-869e-4647063e8a55.jpeg,"Image(s) not found among payment_evidence for this receipt_id"
24090474,1728718853969-13aacc41-baf8-44f1-9d97-b1f435ad226b.jpeg,"Image(s) not found among payment_evidence for this receipt_id"
24090496,1726082516714-1000170267.jpg,"Image(s) not found among payment_evidence for this receipt_id"
24090563,1726301547478-IMG-20240906-WA0024.jpg,"Image(s) not found among payment_evidence for this receipt_id"
24090690,1726607695722-IMG-20240917-WA0044.jpg,"Image(s) not found among payment_evidence for this receipt_id"
24090690,1726607735332-IMG-20240917-WA0044.jpg,"Image(s) not found among payment_evidence for this receipt_id"
24090694,1726597535885-17266010159187091837360508228995.jpg,"No transactions found in new db for this receipt_id"
24090764,1727134340145-IMG-20240923-WA0024.jpg,"Image(s) not found among payment_evidence for this receipt_id"
24090804,1726902459325-Screenshot_2024-09-21-10-05-21-092_com.whatsapp.jpg,"Image(s) not found among payment_evidence for this receipt_id"
24090897,1727042127515-IMG_7027.jpeg,"Image(s) not found among payment_evidence for this receipt_id"
24090898,1727106117917-e358866b-ae3a-44fa-bf89-abe090d63a5c.jpeg,"Image(s) not found among payment_evidence for this receipt_id"
24090898,1727106117928-IMG_2542.png,"Image(s) not found among payment_evidence for this receipt_id"
24090979,1727646878964-IMG_7155.jpeg,"Image(s) not found among payment_evidence for this receipt_id"
24090988,1727283653771-1000161737.jpg,"Image(s) not found among payment_evidence for this receipt_id"
24091101,1730536379647-IMG-20241102-WA0000.jpg,"Image(s) not found among payment_evidence for this receipt_id"
24100179,1728117998812-IMG-20241004-WA0013.jpg,"Image(s) not found among payment_evidence for this receipt_id"
24100183,1728123381051-1000169373.jpg,"Image(s) not found among payment_evidence for this receipt_id"
24100183,1728123389525-1000169373.jpg,"Image(s) not found among payment_evidence for this receipt_id"
24100273,1728318506837-1000170561.jpg,"Image(s) not found among payment_evidence for this receipt_id"
24100296,1728377415485-IMG-20241008-WA0018.jpg,"Image(s) not found among payment_evidence for this receipt_id"
24100333,1728464727964-IMG-20241009-WA0006.jpg,"Image(s) not found among payment_evidence for this receipt_id"
24100336,1728474857247-IMG-20241009-WA0019.jpg,"Image(s) not found among payment_evidence for this receipt_id"
24100345,1736096832473-IMG-20250105-WA0007.jpg,"Image(s) not found among payment_evidence for this receipt_id"
24100377,1730239186866-4bf8a949-a70f-4989-8341-ebe01f22f192.jpeg,"Image(s) not found among payment_evidence for this receipt_id"
24100483,1728859899771-17288634196335299208842675875489.jpg,"No transactions found in new db for this receipt_id"
24100487,1729450717646-IMG_20241020_215827.jpg,"Image(s) not found among payment_evidence for this receipt_id"
24100487,1729450718695-IMG_20241020_215827.jpg,"Image(s) not found among payment_evidence for this receipt_id"
24100487,1729450719413-IMG_20241020_215827.jpg,"Image(s) not found among payment_evidence for this receipt_id"
24100505,1728938744342-IMG-20241014-WA0049.jpg,"Image(s) not found among payment_evidence for this receipt_id"
24100533,1729011054541-1000175606.jpg,"Image(s) not found among payment_evidence for this receipt_id"
24100576,1729107969165-IMG-20241016-WA0038.jpg,"Image(s) not found among payment_evidence for this receipt_id"
24100608,1731586484264-acfffde5-e409-4654-8da4-6c6ef639f9f4.jpeg,"Image(s) not found among payment_evidence for this receipt_id"
24100608,1731586484361-acfffde5-e409-4654-8da4-6c6ef639f9f4.jpeg,"Image(s) not found among payment_evidence for this receipt_id"
24100695,1729531356983-IMG-20241021-WA0012.jpg,"Image(s) not found among payment_evidence for this receipt_id"
24100697,1730661602876-IMG-20241103-WA0079.jpg,"Image(s) not found among payment_evidence for this receipt_id"
24100742,1729629313874-IMG-20241022-WA0011.jpg,"Image(s) not found among payment_evidence for this receipt_id"
24100744,1729629514708-IMG-20241022-WA0011.jpg,"Image(s) not found among payment_evidence for this receipt_id"
24100785,1729772078357-IMG-20241024-WA0000.jpg,"Image(s) not found among payment_evidence for this receipt_id"
24100786,1729772050501-IMG-20241024-WA0001.jpg,"Image(s) not found among payment_evidence for this receipt_id"
24100883,1730149257334-1000183518.jpg,"Image(s) not found among payment_evidence for this receipt_id"
24100883,1730149257349-1000163388.jpg,"Image(s) not found among payment_evidence for this receipt_id"
24100971,1730842944352-IMG-20241105-WA0038.jpg,"Image(s) not found among payment_evidence for this receipt_id"
24110113,1730750380519-1000189299.jpg,"No transactions found in new db for this receipt_id"
24110133,1730919443653-71CE6CC8-F385-44FD-ABF3-A69EC77B6B73.jpeg,"Image(s) not found among payment_evidence for this receipt_id"
24110235,1731006786556-IMG-20241107-WA0014.jpg,"Image(s) not found among payment_evidence for this receipt_id"
24110262,1731100982755-IMG-20241108-WA0006.jpg,"Image(s) not found among payment_evidence for this receipt_id"
24110263,1731101109161-IMG-20241108-WA0006.jpg,"Image(s) not found among payment_evidence for this receipt_id"
24110268,1731103105275-IMG-20241108-WA0109.jpg,"Image(s) not found among payment_evidence for this receipt_id"
24110285,1731164939080-IMG-20241109-WA0005.jpg,"Image(s) not found among payment_evidence for this receipt_id"
24110299,1731363428314-1731363410519338815122286337721.jpg,"Image(s) not found among payment_evidence for this receipt_id"
24110331,1736113578180-Ø­ÙØ²Ø©.PNG,"Image(s) not found among payment_evidence for this receipt_id"
24110331,1736113594341-Ø­ÙØ²Ø©.PNG,"Image(s) not found among payment_evidence for this receipt_id"
24110357,1731362521266-IMG-20241111-WA0026.jpg,"Image(s) not found among payment_evidence for this receipt_id"
24110409,1732016707089-acfffde5-e409-4654-8da4-6c6ef639f9f4.jpeg,"Image(s) not found among payment_evidence for this receipt_id"
24110465,1732205692991-IMG_4739.png,"Image(s) not found among payment_evidence for this receipt_id"
24110578,1732041423832-IMG-20241119-WA0007.jpg,"Image(s) not found among payment_evidence for this receipt_id"
24110619,1732346904897-8a555fa9-4ada-4cd6-b164-bea93f5c6bb4.jpeg,"Image(s) not found among payment_evidence for this receipt_id"
24120005,1733506696699-1000038179.jpg,"Image(s) not found among payment_evidence for this receipt_id"
24120081,1733185490507-fcb93c81-9124-48e3-b45f-7587069b6aa7.jpeg,"Image(s) not found among payment_evidence for this receipt_id"
24120085,1733186698230-b708f672-ec49-40d3-8c5a-e6c6a1a49158.jpeg,"Image(s) not found among payment_evidence for this receipt_id"
24120106,1733261888641-IMG-20241203-WA0020.jpg,"Image(s) not found among payment_evidence for this receipt_id"
24120162,1733494212755-IMG-20241206-WA0004.jpg,"Image(s) not found among payment_evidence for this receipt_id"
24120263,17,"Image(s) not found among payment_evidence for this receipt_id"
24120295,1733873682293-IMG-20241211-WA0001.jpg,"Image(s) not found among payment_evidence for this receipt_id"
24120472,1734546349467-Screenshot_2024-12-17-22-03-47-942_com.whatsapp.jpg,"Image(s) not found among payment_evidence for this receipt_id"
24120484,1735218850854-IMG-20241224-WA0011.jpg,"Image(s) not found among payment_evidence for this receipt_id"
24120484,1735218855039-IMG-20241224-WA0011.jpg,"Image(s) not found among payment_evidence for this receipt_id"
24120510,1734723993558-IMG-20241220-WA0017.jpg,"Image(s) not found among payment_evidence for this receipt_id"
24120630,1736381490644-IMG-20250108-WA0027.jpg,"Image(s) not found among payment_evidence for this receipt_id"
24120674,1735393672838-IMG-20241228-WA0002.jpg,"Image(s) not found among payment_evidence for this receipt_id"
25010002,1736806674480-IMG-20250114-WA0000.jpg,"Image(s) not found among payment_evidence for this receipt_id"
25010027,1735816487712-IMG-20250102-WA0002.jpg,"Image(s) not found among payment_evidence for this receipt_id"
25010028,1735816553228-IMG-20250102-WA0002.jpg,"Image(s) not found among payment_evidence for this receipt_id"
25010029,1735816639843-IMG-20250102-WA0002.jpg,"Image(s) not found among payment_evidence for this receipt_id"
25010069,1736019266945-IMG-20250104-WA0010.jpg,"Image(s) not found among payment_evidence for this receipt_id"
25010137,1736250856734-IMG-20250107-WA0004.jpg,"Image(s) not found among payment_evidence for this receipt_id"
25010221,1736621230646-IMG-20250111-WA0004.jpg,"Image(s) not found among payment_evidence for this receipt_id"
25010246,1736712830982-IMG-20250112-WA0015.jpg,"Image(s) not found among payment_evidence for this receipt_id"
25010252,1738365815323-IMG-20250201-WA0003.jpg,"Image(s) not found among payment_evidence for this receipt_id"
25010419,1737394311963-IMG-20250120-WA0001.jpg,"Image(s) not found among payment_evidence for this receipt_id"
25010643,1739217464379-IMG_Ù¢Ù Ù¢Ù¥Ù Ù¢Ù¡Ù _Ù¢Ù¡Ù¥Ù£Ù¥Ù£.jpg,"Image(s) not found among payment_evidence for this receipt_id"
25020133,1738798379623-94aa4eee-c271-4070-83b8-8d927317f520.jpeg,"Image(s) not found among payment_evidence for this receipt_id"
25020155,1738920217784-863bcc73-9f92-4ad6-8f80-50e2638f5da6.jpeg,"Image(s) not found among payment_evidence for this receipt_id"
25020280,1739407989422-b6a13594-7ac5-4cb2-9004-9a9a0e80322f.jpeg,"Image(s) not found among payment_evidence for this receipt_id"
25020396,1741506160218-IMG-20250309-WA0000.jpg,"Image(s) not found among payment_evidence for this receipt_id"
25020453,1740664683993-IMG-20250226-WA0049.jpg,"Image(s) not found among payment_evidence for this receipt_id"
25020454,1740664819196-IMG-20250226-WA0049.jpg,"Image(s) not found among payment_evidence for this receipt_id"
25020455,1740664934416-IMG-20250226-WA0049.jpg,"Image(s) not found among payment_evidence for this receipt_id"
25030067,1742169267010-IMG-20250316-WA0049.jpg,"Image(s) not found among payment_evidence for this receipt_id"
25030068,1741133887747-IMG-20250305-WA0001.jpg,"Image(s) not found among payment_evidence for this receipt_id"
25030088,1741247034635-1000259249.jpg,"Image(s) not found among payment_evidence for this receipt_id"
25030088,1741247089530-1000259249.jpg,"Image(s) not found among payment_evidence for this receipt_id"
25030111,1741464352430-1000260846.jpg,"Image(s) not found among payment_evidence for this receipt_id"
25030115,1741646062234-IMG-20250311-WA0005.jpg,"Image(s) not found among payment_evidence for this receipt_id"
25030125,1741563216231-IMG-20250224-WA0007(1).jpg,"Image(s) not found among payment_evidence for this receipt_id"
25030146,1741649736282-IMG-20250310-WA0025.jpg,"Image(s) not found among payment_evidence for this receipt_id"
25030163,1741729604892-IMG-20250311-WA0003.jpg,"Image(s) not found among payment_evidence for this receipt_id"
25030169,1742982939125-1000274181.jpg,"Image(s) not found among payment_evidence for this receipt_id"
25030249,1744199405031-IMG-20250407-WA0005.jpg,"Image(s) not found among payment_evidence for this receipt_id"
25030259,1742991833004-61d99b26-15af-4ccc-a37a-268e44ee9e20.jpeg,"Image(s) not found among payment_evidence for this receipt_id"
25030270,1742573802144-IMG-20250321-WA0002.jpg,"Image(s) not found among payment_evidence for this receipt_id"
25030272,1742648288593-IMG-20250322-WA0004.jpg,"Image(s) not found among payment_evidence for this receipt_id"
25030286,1742811100708-1000272705.jpg,"Image(s) not found among payment_evidence for this receipt_id"
25040090,1745617128579-Screenshot_Ù¢Ù Ù¢Ù¥Ù Ù¤Ù¢Ù¦-Ù Ù Ù£Ù¤Ù Ù¡.png,"Image(s) not found among payment_evidence for this receipt_id"
25040090,1745617128639-Screenshot_Ù¢Ù Ù¢Ù¥Ù Ù¤Ù¢Ù¦-Ù Ù Ù£Ù£Ù¥Ù£.png,"Image(s) not found among payment_evidence for this receipt_id"
25040142,1744064461420-IMG-20250407-WA0042.jpg,"Image(s) not found among payment_evidence for this receipt_id"
25040179,1743972274472-IMG-20250406-WA0045.jpg,"Image(s) not found among payment_evidence for this receipt_id"
25040204,1744030832916-IMG-20250406-WA0005.jpg,"Image(s) not found among payment_evidence for this receipt_id"
25040204,1744030907266-IMG-20250406-WA0005.jpg,"Image(s) not found among payment_evidence for this receipt_id"
25040209,1744035479137-Screenshot_Ù¢Ù Ù¢Ù¥Ù Ù¤Ù Ù¤-Ù¢Ù¡Ù£Ù¡Ù£Ù¦.png,"Image(s) not found among payment_evidence for this receipt_id"
25040264,1744187245506-IMG-20250408-WA0009.jpg,"Image(s) not found among payment_evidence for this receipt_id"
25040267,1744214729116-1000284685.jpg,"Image(s) not found among payment_evidence for this receipt_id"
25040267,1744214729136-1000284565.jpg,"Image(s) not found among payment_evidence for this receipt_id"
25040302,1744297384116-IMG-20250410-WA0019.jpg,"Image(s) not found among payment_evidence for this receipt_id"
25040302,1744297449429-IMG-20250410-WA0019.jpg,"Image(s) not found among payment_evidence for this receipt_id"
25040302,1744297622489-IMG-20250410-WA0019.jpg,"Image(s) not found among payment_evidence for this receipt_id"
25040422,"1745949634522-WhatsApp Image 2025-04-29 at 8.24.03 PM (1).jpeg","Image(s) not found among payment_evidence for this receipt_id"
25040469,"1745949446975-WhatsApp Image 2025-04-29 at 8.24.03 PM.jpeg","Image(s) not found among payment_evidence for this receipt_id"
25040469,"1745949474043-WhatsApp Image 2025-04-29 at 8.24.03 PM.jpeg","Image(s) not found among payment_evidence for this receipt_id"
25040470,"1745949569135-WhatsApp Image 2025-04-29 at 8.24.03 PM.jpeg","Image(s) not found among payment_evidence for this receipt_id"
25040501,1744901926825-1000191744.jpg,"Image(s) not found among payment_evidence for this receipt_id"
25040506,1746370270247-IMG-20250504-WA0001.jpg,"Image(s) not found among payment_evidence for this receipt_id"
25040527,1745008173351-1000192651.jpg,"Image(s) not found among payment_evidence for this receipt_id"
25040634,1745353572760-f726205d-b828-4847-a5b7-e4d474504593.jpeg,"Image(s) not found among payment_evidence for this receipt_id"
25040651,1745410220634-IMG-20250423-WA0019(1).jpg,"Image(s) not found among payment_evidence for this receipt_id"
25040651,1745789512769-IMG-20250427-WA0011.jpg,"Image(s) not found among payment_evidence for this receipt_id"
25040708,1745873190090-1000198543.heic,"Image(s) not found among payment_evidence for this receipt_id"
25040729,1745787609663-1000197977.heic,"Image(s) not found among payment_evidence for this receipt_id"
25040753,1745666484128-IMG-20250426-WA0014.jpg,"Image(s) not found among payment_evidence for this receipt_id"
25040753,1745666484144-IMG-20250426-WA0013.jpg,"Image(s) not found among payment_evidence for this receipt_id"
25040782,1745705232279-1000197358.jpg,"Image(s) not found among payment_evidence for this receipt_id"
25040803,1745948088535-bf7ce5b2-125e-4597-b4f9-1f4a16e1cf67.jpeg,"Image(s) not found among payment_evidence for this receipt_id"
25040807,"1745947219451-WhatsApp Image 2025-04-28 at 8.19.45 PM.jpeg","Image(s) not found among payment_evidence for this receipt_id"
25040808,"1745947273794-WhatsApp Image 2025-04-28 at 8.19.29 PM (1).jpeg","Image(s) not found among payment_evidence for this receipt_id"
25040810,"1745947402276-WhatsApp Image 2025-04-28 at 8.19.44 PM.jpeg","Image(s) not found among payment_evidence for this receipt_id"
25040856,"1745946919829-WhatsApp Image 2025-04-29 at 8.10.08 PM.jpeg","Image(s) not found among payment_evidence for this receipt_id"
25040881,"1746044295091-WhatsApp Image 2025-04-30 at 11.17.14 PM.jpeg","Image(s) not found among payment_evidence for this receipt_id"
25050023,1746477920609-1000203778.jpg,"Image(s) not found among payment_evidence for this receipt_id"
25050024,1746113479908-IMG-20250501-WA0019.jpg,"Image(s) not found among payment_evidence for this receipt_id"
25050036,1746174794025-IMG_0234.png,"No transactions found in new db for this receipt_id"
25050062,1746463799290-e48885bb-2f4e-4f9d-8556-6f4fab2c1cbe.jpeg,"Image(s) not found among payment_evidence for this receipt_id"
25050271,1746567345823-Screenshot_Ù¢Ù Ù¢Ù¥Ù Ù¥Ù Ù§-Ù Ù Ù£Ù¤Ù¢Ù©.png,"Image(s) not found among payment_evidence for this receipt_id"
25050344,1746763867480-IMG-20250508-WA0015.jpg,"Image(s) not found among payment_evidence for this receipt_id"
25050357,1746787562404-IMG-20250508-WA0053(2).jpg,"Image(s) not found among payment_evidence for this receipt_id"
25050357,1746787637738-IMG-20250508-WA0052.jpg,"Image(s) not found among payment_evidence for this receipt_id"
25050363,1746748026966-IMG-20250508-WA0009.jpg,"Image(s) not found among payment_evidence for this receipt_id"
25050366,1746821825261-1000339152.jpg,"Image(s) not found among payment_evidence for this receipt_id"
25050368,1746782372176-56ccebcf-ea0f-4270-a881-957f6afd186f.jpeg,"Image(s) not found among payment_evidence for this receipt_id"
25050424,1746902086744-IMG-20250510-WA0059.jpg,"Image(s) not found among payment_evidence for this receipt_id"
25050429,1746913669017-IMG-20250510-WA0029.jpg,"Image(s) not found among payment_evidence for this receipt_id"
25050529,1747228670971-IMG-20250513-WA0010.jpg,"Image(s) not found among payment_evidence for this receipt_id"
25050529,1747228674876-IMG-20250513-WA0010.jpg,"Image(s) not found among payment_evidence for this receipt_id"
25050529,1747228676802-IMG-20250513-WA0010.jpg,"Image(s) not found among payment_evidence for this receipt_id"
25050529,1747228677534-IMG-20250513-WA0010.jpg,"Image(s) not found among payment_evidence for this receipt_id"
25050672,1747597749184-Screenshot_2025-05-18-22-47-54-907_com.whatsapp.jpg,"Image(s) not found among payment_evidence for this receipt_id"
25050833,1747827630757-IMG-20250521-WA0017.jpg,"Image(s) not found among payment_evidence for this receipt_id"
25050884,1747921264636-IMG-20250522-WA0006.jpg,"Image(s) not found among payment_evidence for this receipt_id"
25050910,1749071677866-IMG-20250605-WA0000.jpg,"Image(s) not found among payment_evidence for this receipt_id"
25050912,1749841583332-25891b15-5f3f-4b4f-8cee-2e60c61a9c74.jpeg,"Image(s) not found among payment_evidence for this receipt_id"
25050943,1748590820073-94119ffc-1492-4e7f-b9e5-c5028796c490.jpeg,"Image(s) not found among payment_evidence for this receipt_id"
25050977,1748281859878-IMG_1114.jpeg,"Image(s) not found among payment_evidence for this receipt_id"
25051036,1748341254347-IMG-20250527-WA0006.jpg,"Image(s) not found among payment_evidence for this receipt_id"
25051092,1748379988623-IMG-20250526-WA0020.jpg,"Image(s) not found among payment_evidence for this receipt_id"
25051100,1748386756154-IMG-20250528-WA0003.jpg,"Image(s) not found among payment_evidence for this receipt_id"
25051111,1748598954454-IMG-20250530-WA0017(1).jpg,"Image(s) not found among payment_evidence for this receipt_id"
25051170,1748592207263-87b05aed-2c5b-42fd-99c0-69005000b696.jpeg,"Image(s) not found among payment_evidence for this receipt_id"
25051195,1748636622831-IMG-20250530-WA0041.jpg,"Image(s) not found among payment_evidence for this receipt_id"
25051205,1748785380049-IMG-20250531-WA0002.jpg,"Image(s) not found among payment_evidence for this receipt_id"
25051205,1748785445966-IMG-20250530-WA0027.jpg,"Image(s) not found among payment_evidence for this receipt_id"
25051205,1748973343864-IMG-20250603-WA0011.jpg,"Image(s) not found among payment_evidence for this receipt_id"
25060022,1749652539797-IMG-20250610-WA0012.jpg,"Image(s) not found among payment_evidence for this receipt_id"
25060106,1748954105226-IMG-20250603-WA0005.jpg,"Image(s) not found among payment_evidence for this receipt_id"
25060155,1749045186514-IMG-20250604-WA0001.jpg,"Image(s) not found among payment_evidence for this receipt_id"
25060180,1749062608206-dfdc9698-b15d-4a76-88be-603a5725baf2.jpeg,"Image(s) not found among payment_evidence for this receipt_id"
25060249,1750665392896-IMG-20250623-WA0002.jpg,"Image(s) not found among payment_evidence for this receipt_id"
25060323,1749758971496-IMG-20250611-WA0026.jpg,"Image(s) not found among payment_evidence for this receipt_id"
25060401,1750967741209-IMG_3540.jpeg,"Image(s) not found among payment_evidence for this receipt_id"
25060401,1750967741207-IMG_3540.jpeg,"Image(s) not found among payment_evidence for this receipt_id"
25060401,1750967757662-IMG_3540.jpeg,"Image(s) not found among payment_evidence for this receipt_id"
25060401,1750967777066-IMG_3540.jpeg,"Image(s) not found among payment_evidence for this receipt_id"
25060401,1750967821589-IMG_3540.jpeg,"Image(s) not found among payment_evidence for this receipt_id"
25060435,1749825925285-IMG-20250613-WA0038.jpg,"Image(s) not found among payment_evidence for this receipt_id"
25060444,1750113877487-IMG-20250616-WA0020.jpg,"Image(s) not found among payment_evidence for this receipt_id"
25060445,1750114215263-IMG-20250616-WA0019.jpg,"Image(s) not found among payment_evidence for this receipt_id"
25060630,1750172704319-Screenshot_Ù,"Image(s) not found among payment_evidence for this receipt_id"
25060632,1750113881839-IMG-20250616-WA0026.jpg,"Image(s) not found among payment_evidence for this receipt_id"
25060667,1750179465612-IMG-20250617-WA0025.jpg,"Image(s) not found among payment_evidence for this receipt_id"
25060667,1750700580553-IMG-20250623-WA0069.jpg,"Image(s) not found among payment_evidence for this receipt_id"
25060728,1750283633178-1000385465.jpg,"Image(s) not found among payment_evidence for this receipt_id"
25060734,1750786491280-IMG-20250624-WA0051.jpg,"Image(s) not found among payment_evidence for this receipt_id"
25060734,1750863840707-IMG_9034.jpeg,"Image(s) not found among payment_evidence for this receipt_id"
25060826,1751099915084-IMG_2184.jpeg,"Image(s) not found among payment_evidence for this receipt_id"
25060826,1753296067595-1000019508.jpg,"Image(s) not found among payment_evidence for this receipt_id"
25060888,1750788596047-IMG-20250623-WA0075.jpg,"Image(s) not found among payment_evidence for this receipt_id"
25060934,1750682333224-IMG-20250622-WA0058.jpg,"Image(s) not found among payment_evidence for this receipt_id"
25060936,1751318489500-1000356334.jpg,"Image(s) not found among payment_evidence for this receipt_id"
25060942,1752437160031-1000222895.heic,"Image(s) not found among payment_evidence for this receipt_id"
25060988,1750718739767-IMG-20250623-WA0066.jpg,"Image(s) not found among payment_evidence for this receipt_id"
25060999,1751311723479-IMG-20250630-WA0006.jpg,"Image(s) not found among payment_evidence for this receipt_id"
25061020,1751307087023-IMG_2257.jpeg,"Image(s) not found among payment_evidence for this receipt_id"
25061120,1751441154433-IMG-20250702-WA0002.jpg,"Image(s) not found among payment_evidence for this receipt_id"
25061120,1751842979588-57938f72-5300-4ebe-a172-784cbea596aa.jpeg,"Image(s) not found among payment_evidence for this receipt_id"
25061145,1751112214660-0ddcf96b-bbbb-45eb-8b4f-fe6a57884566.jpeg,"Image(s) not found among payment_evidence for this receipt_id"
25061171,1751361713167-IMG-20250630-WA0016.jpg,"Image(s) not found among payment_evidence for this receipt_id"
25061269,1751400784612-d2da23d3-cd02-4a86-9a24-43766a7c594e.jpeg,"Image(s) not found among payment_evidence for this receipt_id"
25070062,1751,"Image(s) not found among payment_evidence for this receipt_id"
25070085,1751443116557-IMG-20250702-WA0017.jpg,"Image(s) not found among payment_evidence for this receipt_id"
25070118,1752450993600-IMG-20250713-WA0019.jpg,"Image(s) not found among payment_evidence for this receipt_id"
25070119,1752450881880-IMG-20250713-WA0019.jpg,"Image(s) not found among payment_evidence for this receipt_id"
25070224,1751665784288-IMG-20250704-WA0029.jpg,"Image(s) not found among payment_evidence for this receipt_id"
25070225,1751666469119-IMG-20250704-WA0029.jpg,"Image(s) not found among payment_evidence for this receipt_id"
25070322,1751840470281-Screenshot_Ù¢Ù Ù¢Ù¥Ù Ù§Ù Ù§-Ù Ù¡Ù¡Ù¨Ù¢Ù¡.png,"Image(s) not found among payment_evidence for this receipt_id"
25070322,1751840470316-Screenshot_Ù¢Ù Ù¢Ù¥Ù Ù§Ù Ù§-Ù Ù¡Ù¡Ù¨Ù Ù¡.png,"Image(s) not found among payment_evidence for this receipt_id"
25070350,1751891169256-IMG_2314.jpeg,"Image(s) not found among payment_evidence for this receipt_id"
25070352,1751894308496-IMG-20250707-WA0023.jpg,"Image(s) not found among payment_evidence for this receipt_id"
25070353,1751894687857-IMG-20250707-WA0023.jpg,"Image(s) not found among payment_evidence for this receipt_id"
25070404,1752132862065-IMG-20250710-WA0003.jpg,"Image(s) not found among payment_evidence for this receipt_id"
25070430,1752004092983-IMG-20250708-WA0057.jpg,"Image(s) not found among payment_evidence for this receipt_id"
25070431,1752004161374-IMG-20250708-WA0057.jpg,"Image(s) not found among payment_evidence for this receipt_id"
25070468,1752066571445-IMG-20250709-WA0021.jpg,"Image(s) not found among payment_evidence for this receipt_id"
25070469,1752066780879-IMG-20250709-WA0021.jpg,"Image(s) not found among payment_evidence for this receipt_id"
25070573,1753992714048-5b25fb6a-7b46-4b08-abb6-f8526ecf85f9.jpeg,"Image(s) not found among payment_evidence for this receipt_id"
25070582,1752444277787-IMG-20250711-WA0017.jpg,"Image(s) not found among payment_evidence for this receipt_id"
25070582,1752444312694-IMG-20250711-WA0017.jpg,"Image(s) not found among payment_evidence for this receipt_id"
25070611,1752251962532-1000381866.jpg,"Image(s) not found among payment_evidence for this receipt_id"
25070735,1752435902587-1000018098.jpg,"Image(s) not found among payment_evidence for this receipt_id"
25070742,1752440099611-IMG-20250713-WA0106.jpg,"Image(s) not found among payment_evidence for this receipt_id"
25070833,1752579798575-IMG-20250714-WA0006.jpg,"Image(s) not found among payment_evidence for this receipt_id"
25070918,1753138442640-IMG-20250722-WA0004.jpg,"Image(s) not found among payment_evidence for this receipt_id"
25071007,1752876956340-IMG-20250718-WA0031.jpg,"Image(s) not found among payment_evidence for this receipt_id"
25071064,1753642264092-1000404504.jpg,"Image(s) not found among payment_evidence for this receipt_id"
25071086,1753036738952-IMG-20250717-WA0007.jpg,"Image(s) not found among payment_evidence for this receipt_id"
25071190,1753207176186-Screenshot_Ù¢Ù Ù¢Ù¥Ù Ù§Ù¢Ù¢_Ù¡Ù¨Ù¤Ù¢Ù£Ù©_CamScanner.jpg,"Image(s) not found among payment_evidence for this receipt_id"
25071234,1754263495906-IMG-20250803-WA0022.jpg,"Image(s) not found among payment_evidence for this receipt_id"
25071240,1753807582496-Screenshot_Ù¢Ù Ù¢Ù¥Ù Ù§Ù¢Ù©-Ù¡Ù©Ù¤Ù¥Ù¤Ù£.png,"Image(s) not found among payment_evidence for this receipt_id"
25071589,1753994305203-IMG-20250731-WA0037.jpg,"Image(s) not found among payment_evidence for this receipt_id"
25071589,1754047136176-IMG-20250731-WA0040.jpeg,"Image(s) not found among payment_evidence for this receipt_id"
25071672,1753914111774-1000405985.jpg,"Image(s) not found among payment_evidence for this receipt_id"
25080030,1754238756037-IMG-20250803-WA0003.jpg,"Image(s) not found among payment_evidence for this receipt_id"
25080073,1754345518677-b9d7439c-c541-4e63-bf48-d818be5d5183.jpeg,"Image(s) not found among payment_evidence for this receipt_id"
25080141,1754244241333-e7ba3f43-293d-4b3a-939b-6f302b40e718.jpeg,"Image(s) not found among payment_evidence for this receipt_id"
25080207,1754584569053-IMG-20250807-WA0018.jpg,"Image(s) not found among payment_evidence for this receipt_id"
25080261,1754510302951-IMG-20250806-WA0011.jpg,"Image(s) not found among payment_evidence for this receipt_id"
25080297,1755708261387-Screenshot_Ù¢Ù Ù¢Ù¥Ù Ù¨Ù¢Ù -Ù¡Ù©Ù¤Ù£Ù¥Ù¤.png,"Image(s) not found among payment_evidence for this receipt_id"
25080374,1754667012001-IMG-20250808-WA0037.jpg,"Image(s) not found among payment_evidence for this receipt_id"
25080459,1755067843022-IMG-20250812-WA0024.jpg,"Image(s) not found among payment_evidence for this receipt_id"
25080719,1755202211795-Screenshot_20250814_230956_Drive.jpg,"Image(s) not found among payment_evidence for this receipt_id"
25080867,1755642053634-e70c87cb-030b-4e34-9c74-a46bf81b4400.jpeg,"Image(s) not found among payment_evidence for this receipt_id"
25080945,1755695827504-IMG-20250819-WA0025.jpg,"Image(s) not found among payment_evidence for this receipt_id"
25081108,"1756774711317-WhatsApp Image 2025-09-01 at 9.52.39 PM.jpeg","Image(s) not found among payment_evidence for this receipt_id"
25081467,1756539238732-IMG-20250830-WA0011.jpg,"Image(s) not found among payment_evidence for this receipt_id"
25081483,1756852565549-IMG20250902221042.jpg,"Image(s) not found among payment_evidence for this receipt_id"
25081508,1756630614466-IMG-20250831-WA0008.jpg,"Image(s) not found among payment_evidence for this receipt_id"
25090052,1756852468899-IMG20250902214501.jpg,"Image(s) not found among payment_evidence for this receipt_id"
25090067,,"Image(s) not found among payment_evidence for this receipt_id"
25090083,1757276555587-IMG-20250907-WA0003.jpg,"Image(s) not found among payment_evidence for this receipt_id"
25090100,1756832904639-IMG-20250902-WA0057(1).jpg,"Image(s) not found among payment_evidence for this receipt_id"
25090101,1756833164256-IMG-20250902-WA0057(1).jpg,"Image(s) not found among payment_evidence for this receipt_id"
25090347,1757273111357-IMG-20250907-WA0024.jpg,"Image(s) not found among payment_evidence for this receipt_id"
25090371,1757328607041-IMG-20250908-WA0023.jpg,"Image(s) not found among payment_evidence for this receipt_id"
25090389,1757970313834-IMG-20250915-WA0040.jpg,"Image(s) not found among payment_evidence for this receipt_id"
25090408,1757367607797-IMG-20250908-WA0035.jpg,"Image(s) not found among payment_evidence for this receipt_id"
25090449,1757975260432-IMG-20250915-WA0033.jpg,"Image(s) not found among payment_evidence for this receipt_id"
25090450,1757975113572-IMG-20250915-WA0033.jpg,"Image(s) not found among payment_evidence for this receipt_id"
25090505,1757520191449-IMG-20250910-WA0036.jpg,"Image(s) not found among payment_evidence for this receipt_id"
25090571,1757629384733-79696.jpg,"Image(s) not found among payment_evidence for this receipt_id"
25090655,1758390420010-1000172268.jpg,"Image(s) not found among payment_evidence for this receipt_id"
25090660,1757860489729-IMG-20250914-WA0002.jpg,"Image(s) not found among payment_evidence for this receipt_id"
25090687,1757884672614-IMG_20250914_211212.jpg,"Image(s) not found among payment_evidence for this receipt_id"
25090868,1760160669914-IMG-20251011-WA0026.jpg,"Image(s) not found among payment_evidence for this receipt_id"
25091095,"1778679039165-WhatsApp Image 2026-05-12 at 10.41.23 PM.jpeg","Image(s) not found among payment_evidence for this receipt_id"
25091111,1758804139053-1000183877.jpg,"Image(s) not found among payment_evidence for this receipt_id"
25091134,1758752370637-Screenshot_Ù¢Ù Ù¢Ù¥-Ù Ù©-Ù¢Ù¥-Ù Ù¡-Ù¡Ù©-Ù¤Ù¡-Ù¢Ù§_6012fa4d4ddec268fc5c7112cbb265e7.jpg,"Image(s) not found among payment_evidence for this receipt_id"
25091247,1759053559217-IMG-20250928-WA0037.jpg,"Image(s) not found among payment_evidence for this receipt_id"
25091332,1759221622354-IMG-20250929-WA0007(1).jpg,"Image(s) not found among payment_evidence for this receipt_id"
25091357,1759165986485-IMG_20250929_231053.jpg,"Image(s) not found among payment_evidence for this receipt_id"
25091412,1759283702403-Screenshot_2025-10-01-07-53-21-93_7352322957d4404136654ef4adb64504.jpg,"Image(s) not found among payment_evidence for this receipt_id"
25100199,1759776760314-IMG-20251005-WA0053.jpg,"Image(s) not found among payment_evidence for this receipt_id"
25100199,1759776762513-IMG-20251005-WA0053.jpg,"Image(s) not found among payment_evidence for this receipt_id"
25100279,1759837181868-IMG-20251007-WA0053.jpg,"Image(s) not found among payment_evidence for this receipt_id"
25100306,1760466369811-IMG-20251014-WA0011.jpg,"Image(s) not found among payment_evidence for this receipt_id"
25100380,1760244223956-IMG-20251010-WA0016.jpg,"Image(s) not found among payment_evidence for this receipt_id"
25100410,1760130383910-95268.jpg,"Image(s) not found among payment_evidence for this receipt_id"
25100452,"1760519171378-WhatsApp Image 2025-10-15 at 3.05.57 PM.jpeg","Image(s) not found among payment_evidence for this receipt_id"
25100457,1760270515223-Screenshot_2025-10-12-18-01-38-379_com.whatsapp.jpg,"Image(s) not found among payment_evidence for this receipt_id"
25100584,1760541911978-IMG-20251015-WA0024.jpg,"Image(s) not found among payment_evidence for this receipt_id"
25100596,1760554142048-1000462016.jpg,"Image(s) not found among payment_evidence for this receipt_id"
25100738,1761766690609-IMG-20251027-WA0015.jpg,"Image(s) not found among payment_evidence for this receipt_id"
25100776,1763182666743-IMG-20251114-WA0025.jpg,"Image(s) not found among payment_evidence for this receipt_id"
25100821,1761285229016-IMG-20250930-WA0010.jpg,"Image(s) not found among payment_evidence for this receipt_id"
25100921,1761481705585-Screenshot_Ù¢Ù Ù¢Ù¥Ù¡Ù Ù¢Ù¦_Ù¡Ù¨Ù¢Ù¥Ù¤Ù©_CamScanner.jpg,"Image(s) not found among payment_evidence for this receipt_id"
25100957,1761631839549-Cancelled.PNG,"Image(s) not found among payment_evidence for this receipt_id"
25100975,1761576279993-IMG-20251027-WA0006.jpg,"Image(s) not found among payment_evidence for this receipt_id"
25100975,1761576280010-IMG-20251027-WA0002.jpg,"Image(s) not found among payment_evidence for this receipt_id"
25101119,1761813484080-IMG-20251029-WA0001.jpg,"Image(s) not found among payment_evidence for this receipt_id"
25110009,1761982605335-IMG-20251101-WA0003.jpg,"Image(s) not found among payment_evidence for this receipt_id"
25110049,1762095775050-IMG-20251102-WA0008.jpg,"Image(s) not found among payment_evidence for this receipt_id"
25110254,1762582323315-IMG-20251108-WA0005.jpg,"Image(s) not found among payment_evidence for this receipt_id"
25110368,1762805776640-IMG-20251110-WA0049.jpg,"Image(s) not found among payment_evidence for this receipt_id"
25110370,1762805888834-IMG-20251110-WA0010.jpg,"Image(s) not found among payment_evidence for this receipt_id"
25110375,1762806143788-IMG-20251110-WA0049.jpg,"Image(s) not found among payment_evidence for this receipt_id"
25110377,1762806250444-IMG-20251110-WA0046.jpg,"Image(s) not found among payment_evidence for this receipt_id"
25110391,1762860037720-112984.jpg,"Image(s) not found among payment_evidence for this receipt_id"
25110419,1762896343989-IMG-20251111-WA0023.jpg,"Image(s) not found among payment_evidence for this receipt_id"
25110574,1763488768349-IMG-20251117-WA0005.jpg,"Image(s) not found among payment_evidence for this receipt_id"
25110734,1763828083341-IMG-20251122-WA0023.jpg,"Image(s) not found among payment_evidence for this receipt_id"
25110874,1764958334708-IMG-20251203-WA0003.jpg,"Image(s) not found among payment_evidence for this receipt_id"
25120033,1766990308352-49115.jpg,"Image(s) not found among payment_evidence for this receipt_id"
25120094,1764764539918-IMG_7240.jpeg,"Image(s) not found among payment_evidence for this receipt_id"
25120210,1765595846499-19f740d4-6eee-4ace-af91-ac69f0769870.jpeg,"Image(s) not found among payment_evidence for this receipt_id"
25120229,1765188970726-39577.jpg,"Image(s) not found among payment_evidence for this receipt_id"
25120230,1765188878853-39576.jpg,"Image(s) not found among payment_evidence for this receipt_id"
25120303,,"Image(s) not found among payment_evidence for this receipt_id"
25120307,1765969069896-IMG-20251217-WA0028.jpg,"Image(s) not found among payment_evidence for this receipt_id"
25120319,1765712544412-Screenshot_Ù¢Ù Ù¢Ù¥Ù¡Ù¢Ù¡Ù¤-Ù¡Ù¥Ù¢Ù£Ù¡Ù©.png,"Image(s) not found among payment_evidence for this receipt_id"
25120351,1765523706687-IMG-20251212-WA0026.jpg,"Image(s) not found among payment_evidence for this receipt_id"
25120356,1765858263746-IMG-20251216-WA0000.jpg,"Image(s) not found among payment_evidence for this receipt_id"
25120361,1765820655395-IMG-20251215-WA0000.jpg,"Image(s) not found among payment_evidence for this receipt_id"
25120388,1765728904001-42478.jpg,"Image(s) not found among payment_evidence for this receipt_id"
25120428,1765893578005-1000501268.jpg,"Image(s) not found among payment_evidence for this receipt_id"
25120429,1765893599628-1000501280.jpg,"Image(s) not found among payment_evidence for this receipt_id"
25120497,1766057820684-Screenshot_Ù¢Ù Ù¢Ù¥-Ù¡Ù¢-Ù¡Ù¨-Ù¡Ù¤-Ù Ù -Ù¢Ù¦-Ù¡Ù¢_6012fa4d4ddec268fc5c7112cbb265e7.jpg,"Image(s) not found among payment_evidence for this receipt_id"
25120507,1766473358055-IMG20251223214308.jpg,"Image(s) not found among payment_evidence for this receipt_id"
25120566,1766283883437-IMG-20251219-WA0003.jpg,"Image(s) not found among payment_evidence for this receipt_id"
25120570,1766477169921-IMG-20251223-WA0035.jpg,"Image(s) not found among payment_evidence for this receipt_id"
25120575,1766976707951-IMG-20251229-WA0031.jpg,"Image(s) not found among payment_evidence for this receipt_id"
25120667,1766651276573-IMG-20251225-WA0003.jpg,"Image(s) not found among payment_evidence for this receipt_id"
25120671,1766559593564-46883.jpg,"Image(s) not found among payment_evidence for this receipt_id"
25120686,1767174443446-IMG-20251230-WA0028.jpg,"Image(s) not found among payment_evidence for this receipt_id"
25120748,1766832203457-Screenshot_Ù¢Ù Ù¢Ù¥Ù¡Ù¢Ù¢Ù¨-Ù Ù¢Ù£Ù§Ù¡Ù .png,"Image(s) not found among payment_evidence for this receipt_id"
25120797,1766991497172-49112.jpg,"Image(s) not found among payment_evidence for this receipt_id"
25120820,1767134564369-IMG-20251230-WA0048.jpg,"Image(s) not found among payment_evidence for this receipt_id"
25120829,"1767057518778-Ø¹Ø¨Ø¯Ø§ÙØ±Ø­ÙÙ ÙØ­ÙØ¯ Ø¹ÙØ³Ù.JPG","Image(s) not found among payment_evidence for this receipt_id"
25120830,"1777838975831-WhatsApp Image 2026-05-03 at 5.32.14 PM.jpeg","Image(s) not found among payment_evidence for this receipt_id"
26010098,1767572816227-52716.jpg,"Image(s) not found among payment_evidence for this receipt_id"
26010100,1767520017120-Screenshot_Ù¢Ù Ù¢Ù¦Ù Ù¡Ù Ù¥-Ù Ù¡Ù¤Ù¥Ù£Ù¤.png,"Image(s) not found among payment_evidence for this receipt_id"
26010138,1769127363108-158967.jpg,"Image(s) not found among payment_evidence for this receipt_id"
26010193,1767775298250-IMG-20260107-WA0023.jpg,"Image(s) not found among payment_evidence for this receipt_id"
26010194,1767775371542-IMG-20260107-WA0023.jpg,"Image(s) not found among payment_evidence for this receipt_id"
26010212,1768117242352-56471.jpg,"Image(s) not found among payment_evidence for this receipt_id"
26010310,1768118789061-IMG-20260111-WA0037.jpg,"Image(s) not found among payment_evidence for this receipt_id"
26010311,1768118886087-IMG-20260111-WA0037.jpg,"Image(s) not found among payment_evidence for this receipt_id"
26010319,"1779537538632-WhatsApp Image 2026-05-14 at 7.12.53 PM.jpeg","Image(s) not found among payment_evidence for this receipt_id"
26010463,1768716935953-IMG-20260118-WA0044.jpg,"No transactions found in new db for this receipt_id"
26010471,1768964156835-IMG-20260121-WA0061.jpg,"Image(s) not found among payment_evidence for this receipt_id"
26010475,1768723397758-Screenshot_Ù¢Ù Ù¢Ù¦Ù Ù¡Ù¡Ù©-Ù Ù Ù Ù¢Ù£Ù¢.png,"Image(s) not found among payment_evidence for this receipt_id"
26010507,1768806992182-IMG-20260119-WA0005.jpg,"Image(s) not found among payment_evidence for this receipt_id"
26010527,1769848584738-7687ff25-0513-4072-aaf1-23f655d5b11e.jpeg,"Image(s) not found among payment_evidence for this receipt_id"
26010544,1768948395446-IMG-20260121-WA0014.jpg,"No transactions found in new db for this receipt_id"
26010580,1769037019426-IMG-20260122-WA0003.jpg,"Image(s) not found among payment_evidence for this receipt_id"
26010581,1769037137769-IMG-20260122-WA0003.jpg,"Image(s) not found among payment_evidence for this receipt_id"
26010582,1769037393692-IMG-20260122-WA0003.jpg,"No transactions found in new db for this receipt_id"
26010582,1769037393734-IMG-20260122-WA0002.jpg,"No transactions found in new db for this receipt_id"
26010607,1769840898211-1000531355.jpg,"Image(s) not found among payment_evidence for this receipt_id"
26010630,1769324982368-IMG-20260125-WA0005.jpg,"Image(s) not found among payment_evidence for this receipt_id"
26010642,1769305750918-IMG-20260124-WA0033(1).jpg,"Image(s) not found among payment_evidence for this receipt_id"
26010653,1769293863215-Screenshot_Ù¢Ù Ù¢Ù¦Ù Ù¡Ù¢Ù¥-Ù¡Ù¤Ù¢Ù§Ù¤Ù .png,"Image(s) not found among payment_evidence for this receipt_id"
26010710,1769489889989-63698.jpg,"Image(s) not found among payment_evidence for this receipt_id"
26010782,1770447507117-IMG-20260207-WA0419.jpg,"Image(s) not found among payment_evidence for this receipt_id"
26010782,1770532256080-IMG-20260208-WA0026.jpg,"Image(s) not found among payment_evidence for this receipt_id"
26020062,1770192449509-IMG-20260203-WA0010.jpg,"Image(s) not found among payment_evidence for this receipt_id"
26020087,1770197198161-67562.jpg,"Image(s) not found among payment_evidence for this receipt_id"
26020088,1770197245724-67534.jpg,"Image(s) not found among payment_evidence for this receipt_id"
26020123,1770451913475-IMG-20260207-WA0023.jpg,"Image(s) not found among payment_evidence for this receipt_id"
26020149,1770797405297-IMG-20260211-WA0020.jpg,"Image(s) not found among payment_evidence for this receipt_id"
26020348,1771741489226-IMG-20260222-WA0023.jpg,"Image(s) not found among payment_evidence for this receipt_id"
26020379,1772140119869-77937.jpg,"Image(s) not found among payment_evidence for this receipt_id"
26020404,1772142443066-0335b5fd-ec3f-4996-a824-87ba06336d77.jpeg,"Image(s) not found among payment_evidence for this receipt_id"
26020414,1772221425027-b4c6eed1-6995-47ca-bc96-6bb797f79df5.jpeg,"Image(s) not found among payment_evidence for this receipt_id"
26030008,1772448522779-Screenshot_Ù¢Ù Ù¢Ù¦Ù Ù£Ù Ù£-Ù Ù¢Ù¤Ù©Ù¡Ù¡.png,"Image(s) not found among payment_evidence for this receipt_id"
26030009,1774809012138-1000208386.jpg,"Image(s) not found among payment_evidence for this receipt_id"
26030021,1772529306434-IMG-20260304-WA0000.jpg,"Image(s) not found among payment_evidence for this receipt_id"
26030058,1773465808324-IMG-20260308-WA0001.jpg,"Image(s) not found among payment_evidence for this receipt_id"
26030059,1773100023047-9f40bfcf-09df-4c0c-adea-885e37db33d1.jpeg,"Image(s) not found among payment_evidence for this receipt_id"
26030085,1773294874923-1000589531.jpg,"Image(s) not found among payment_evidence for this receipt_id"
26030086,1773294914937-1000589531.jpg,"Image(s) not found among payment_evidence for this receipt_id"
26030124,1773465940248-1000557829.jpg,"Image(s) not found among payment_evidence for this receipt_id"
26030124,1773465940354-1000557829.jpg,"Image(s) not found among payment_evidence for this receipt_id"
26030124,1773465940419-1000557829.jpg,"Image(s) not found among payment_evidence for this receipt_id"
26030143,1773468803165-84729.jpg,"Image(s) not found among payment_evidence for this receipt_id"
26030149,1773465563097-1000557872.jpg,"Image(s) not found among payment_evidence for this receipt_id"
26030164,1774897195754-IMG-20260330-WA0024.jpg,"Image(s) not found among payment_evidence for this receipt_id"
26030183,1783602745914-IMG-20260708-WA0017.jpg,"Image(s) not found among payment_evidence for this receipt_id"
26030193,1773941972502-IMG-20260319-WA0018.jpg,"Image(s) not found among payment_evidence for this receipt_id"
26030215,"1774969448760-Ø­Ø³Ø§Ù ÙØ¨ÙÙ Ø§Ø¨Ø±Ø§ÙÙÙ.JPG","Image(s) not found among payment_evidence for this receipt_id"
26030271,"1783526533775-WhatsApp Image 2026-07-08 at 7.02.57 PM.jpeg","Image(s) not found among payment_evidence for this receipt_id"
26030307,1774649552185-IMG-20260327-WA0041.jpg,"Image(s) not found among payment_evidence for this receipt_id"
26030329,1774724070955-93656.jpg,"Image(s) not found among payment_evidence for this receipt_id"
26030330,1774724148354-93653.jpg,"Image(s) not found among payment_evidence for this receipt_id"
26030359,1774894174254-IMG-20260330-WA0031.jpg,"Image(s) not found among payment_evidence for this receipt_id"
26040109,"1775415859882-ÙØ±ÙÙ ØµÙØ§Ø­ Ø§ÙØ´Ø§ÙØ¹Ù.heic","Image(s) not found among payment_evidence for this receipt_id"
26040126,"1775578918821-ÙØ­ÙØ¯ Ø§ÙØ³ÙØ¯ Ø­ÙÙÙ.JPG","Image(s) not found among payment_evidence for this receipt_id"
26040126,"1775585077282-ÙØ­ÙØ¯ Ø§ÙØ³ÙØ¯ Ø­ÙÙÙ.JPG","Image(s) not found among payment_evidence for this receipt_id"
26040128,1775589269534-1000211517.jpg,"Image(s) not found among payment_evidence for this receipt_id"
26040197,1775551000406-IMG-20260403-WA0005.jpg,"Image(s) not found among payment_evidence for this receipt_id"
26040198,1777019685108-1000733426.jpg,"Image(s) not found among payment_evidence for this receipt_id"
26040205,1775589859728-1000574787.jpg,"Image(s) not found among payment_evidence for this receipt_id"
26040222,1776096956007-IMG-20260413-WA0027.jpg,"Image(s) not found among payment_evidence for this receipt_id"
26040256,1776018433682-1000211933.jpg,"Image(s) not found among payment_evidence for this receipt_id"
26040282,1775835693125-IMG_0251.jpeg,"Image(s) not found among payment_evidence for this receipt_id"
26040538,1776628362388-103884.jpg,"Image(s) not found among payment_evidence for this receipt_id"
26040696,1777031260452-1000733516.jpg,"Image(s) not found among payment_evidence for this receipt_id"
26040696,1777225497411-IMG-20260423-WA0009.jpg,"Image(s) not found among payment_evidence for this receipt_id"
26040715,1778175140854-113534.jpg,"Image(s) not found among payment_evidence for this receipt_id"
26040723,1777033014187-Screenshot_2026-04-24-15-16-08-180_com.whatsapp.jpg,"Image(s) not found among payment_evidence for this receipt_id"
26040894,1777933253088-1000642425.jpg,"Image(s) not found among payment_evidence for this receipt_id"
26040895,1777933167043-1000642425.jpg,"Image(s) not found among payment_evidence for this receipt_id"
26040923,1783341103651-IMG-20260706-WA0021.jpg,"Image(s) not found among payment_evidence for this receipt_id"
26040938,1778175092137-113534.jpg,"Image(s) not found among payment_evidence for this receipt_id"
26040939,,"Image(s) not found among payment_evidence for this receipt_id"
26040948,1778843796938-IMG-20260429-WA0026.jpg,"Image(s) not found among payment_evidence for this receipt_id"
26040948,1778843796938-IMG-20260512-WA0009.jpg,"Image(s) not found among payment_evidence for this receipt_id"
26040990,1777568765979-1000301433.jpg,"Image(s) not found among payment_evidence for this receipt_id"
26040999,"1777810062009-WhatsApp Image 2026-05-03 at 2.26.45 PM.jpeg","Image(s) not found among payment_evidence for this receipt_id"
26050047,1777674957332-IMG-20260502-WA0004.jpg,"Image(s) not found among payment_evidence for this receipt_id"
26050121,1777809054947-IMG-20260503-WA0013.jpg,"Image(s) not found among payment_evidence for this receipt_id"
26050127,1777816073089-IMG-20260503-WA0025.jpg,"Image(s) not found among payment_evidence for this receipt_id"
26050135,1777829895589-110293.jpg,"Image(s) not found among payment_evidence for this receipt_id"
26050136,1777830078686-110294.jpg,"Image(s) not found among payment_evidence for this receipt_id"
26050169,1778534012827-IMG-20260512-WA0000.jpg,"Image(s) not found among payment_evidence for this receipt_id"
26050227,1777990865132-IMG-20260505-WA0023.jpg,"Image(s) not found among payment_evidence for this receipt_id"
26050263,1782859675563-1000697701.jpg,"Image(s) not found among payment_evidence for this receipt_id"
26050273,1778181613992-113605.jpg,"Image(s) not found among payment_evidence for this receipt_id"
26050437,1778598107987-1001243850.jpg,"Image(s) not found among payment_evidence for this receipt_id"
26050483,1778525297699-IMG_7968.jpeg,"Image(s) not found among payment_evidence for this receipt_id"
26050483,1778525301109-IMG_7968.jpeg,"Image(s) not found among payment_evidence for this receipt_id"
26050483,1778525301567-IMG_7968.jpeg,"Image(s) not found among payment_evidence for this receipt_id"
26050483,1778525301643-IMG_7968.jpeg,"Image(s) not found among payment_evidence for this receipt_id"
26050563,1778696068494-IMG-20260513-WA0049.jpg,"Image(s) not found among payment_evidence for this receipt_id"
26050579,1778708919700-IMG-20260514-WA0000.jpg,"Image(s) not found among payment_evidence for this receipt_id"
26050591,1778757023402-1000650717.jpg,"Image(s) not found among payment_evidence for this receipt_id"
26050613,1778935680296-1000759468.jpg,"Image(s) not found among payment_evidence for this receipt_id"
26050619,1779734665662-IMG-20260525-WA0018.jpg,"Image(s) not found among payment_evidence for this receipt_id"
26050625,1778882807270-IMG-20260515-WA0029.jpg,"Image(s) not found among payment_evidence for this receipt_id"
26050641,1,"Image(s) not found among payment_evidence for this receipt_id"
26050675,1779290360989-IMG-20260518-WA0022.jpeg,"Image(s) not found among payment_evidence for this receipt_id"
26050692,1779053084945-IMG-20260517-WA0035.jpg,"Image(s) not found among payment_evidence for this receipt_id"
26050711,1779140803074-IMG-20260518-WA0036.jpg,"Image(s) not found among payment_evidence for this receipt_id"
26050713,1779140878047-IMG-20260518-WA0036.jpg,"Image(s) not found among payment_evidence for this receipt_id"
26050722,1779116833848-IMG-20260517-WA0012.jpg,"Image(s) not found among payment_evidence for this receipt_id"
26050722,1779116901694-IMG-20260517-WA0012.jpg,"Image(s) not found among payment_evidence for this receipt_id"
26050744,1779061794530-1000654260.jpg,"Image(s) not found among payment_evidence for this receipt_id"
26050745,1779431785551-IMG-20260522-WA0000.jpg,"Image(s) not found among payment_evidence for this receipt_id"
26050776,1780353524970-IMG-20260601-WA0020.jpg,"Image(s) not found among payment_evidence for this receipt_id"
26050814,1779378962267-1001251659.jpg,"Image(s) not found among payment_evidence for this receipt_id"
26050815,1779378893947-1001251659.jpg,"Image(s) not found among payment_evidence for this receipt_id"
26050858,1779734467417-IMG-20260525-WA0020.jpg,"Image(s) not found among payment_evidence for this receipt_id"
26050861,1779369739915-1000607222.jpg,"Image(s) not found among payment_evidence for this receipt_id"
26050877,1780651424136-1001265688.jpg,"Image(s) not found among payment_evidence for this receipt_id"
26050878,1780652439842-1001265690.jpg,"Image(s) not found among payment_evidence for this receipt_id"
26050916,1779538623331-IMG-20260523-WA0004.jpg,"Image(s) not found among payment_evidence for this receipt_id"
26050925,1779551830285-IMG-20260523-WA0014.jpg,"Image(s) not found among payment_evidence for this receipt_id"
26050944,1782680852832-143672.jpg,"Image(s) not found among payment_evidence for this receipt_id"
26051002,1779738277704-IMG-20260525-WA0037.jpg,"Image(s) not found among payment_evidence for this receipt_id"
26051023,1780347962962-1000295948.jpg,"Image(s) not found among payment_evidence for this receipt_id"
26051071,1780334076066-IMG-20260601-WA0051.jpg,"Image(s) not found among payment_evidence for this receipt_id"
26051087,1782069067043-IMG-20260621-WA0083.jpg,"Image(s) not found among payment_evidence for this receipt_id"
26060024,1780334520542-IMG-20260601-WA0011.jpg,"Image(s) not found among payment_evidence for this receipt_id"
26060082,1780353386170-IMG-20260601-WA0043.jpg,"Image(s) not found among payment_evidence for this receipt_id"
26060087,1780642292288-IMG-20260605-WA0000.jpg,"Image(s) not found among payment_evidence for this receipt_id"
26060194,1782680661804-143672.jpg,"Image(s) not found among payment_evidence for this receipt_id"
26060236,1782926022599-145628.jpg,"Image(s) not found among payment_evidence for this receipt_id"
26060251,1780665988698-IMG-20260605-WA0029.jpg,"Image(s) not found among payment_evidence for this receipt_id"
26060271,1781093333041-IMG-20260609-WA0050.jpg,"Image(s) not found among payment_evidence for this receipt_id"
26060294,1780692447023-IMG-20260605-WA0048.jpg,"Image(s) not found among payment_evidence for this receipt_id"
26060302,1780697018210-IMG-20260605-WA0081.jpg,"Image(s) not found among payment_evidence for this receipt_id"
26060302,1783351080632-IMG-20260706-WA0029.jpg,"Image(s) not found among payment_evidence for this receipt_id"
26060304,1781301483586-IMG-20260612-WA0029.jpg,"Image(s) not found among payment_evidence for this receipt_id"
26060316,1780839434122-IMG-20260607-WA0038.jpg,"Image(s) not found among payment_evidence for this receipt_id"
26060347,1780847693301-IMG-20260607-WA0047.jpg,"Image(s) not found among payment_evidence for this receipt_id"
26060355,1780778031513-Screenshot_2026-06-06-23-34-32-328_com.whatsapp.jpg,"Image(s) not found among payment_evidence for this receipt_id"
26060385,1781001740131-IMG-20260607-WA0030.jpg,"Image(s) not found among payment_evidence for this receipt_id"
26060385,1781001740136-IMG-20260609-WA0007.jpg,"Image(s) not found among payment_evidence for this receipt_id"
26060404,1780859840860-133393.jpg,"Image(s) not found among payment_evidence for this receipt_id"
26060454,1782660745395-1000029368.jpg,"Image(s) not found among payment_evidence for this receipt_id"
26060488,1783094105757-IMG-20260702-WA0029.jpg,"Image(s) not found among payment_evidence for this receipt_id"
26060489,1780982923516-Screenshot_2026-06-09-08-23-22-10_7352322957d4404136654ef4adb64504.jpg,"Image(s) not found among payment_evidence for this receipt_id"
26060490,1780983057346-Screenshot_2026-06-09-08-23-22-10_7352322957d4404136654ef4adb64504.jpg,"Image(s) not found among payment_evidence for this receipt_id"
26060498,1782486598923-5b521fac-75eb-4c16-a2a0-002423f392c0.jpeg,"Image(s) not found among payment_evidence for this receipt_id"
26060509,1781101792812-IMG-20260609-WA0044.jpg,"Image(s) not found among payment_evidence for this receipt_id"
26060533,1781452598498-IMG-20260614-WA0045.jpg,"Image(s) not found among payment_evidence for this receipt_id"
26060543,1781347141188-IMG-20260613-WA0015.jpg,"Image(s) not found among payment_evidence for this receipt_id"
26060549,1781357673058-IMG-20260610-WA0025.jpg,"Image(s) not found among payment_evidence for this receipt_id"
26060555,1781176745522-IMG-20260610-WA0019.jpg,"Image(s) not found among payment_evidence for this receipt_id"
26060585,1781967547192-IMG-20260620-WA0035.jpg,"Image(s) not found among payment_evidence for this receipt_id"
26060599,1782482413793-1000801022.jpg,"Image(s) not found among payment_evidence for this receipt_id"
26060608,1781210673582-IMG-20260611-WA0037.jpg,"Image(s) not found among payment_evidence for this receipt_id"
26060610,1781267140179-IMG-20260611-WA0012.jpg,"Image(s) not found among payment_evidence for this receipt_id"
26060620,1782486061068-a964ff47-5bfd-40b9-8e70-c9d580889532.jpeg,"Image(s) not found among payment_evidence for this receipt_id"
26060635,1782479222611-1000800853.jpg,"Image(s) not found among payment_evidence for this receipt_id"
26060715,1782778743166-IMG-20260629-WA0019.jpg,"Image(s) not found among payment_evidence for this receipt_id"
26060746,1781570798737-IMG-20260614-WA0038.jpg,"Image(s) not found among payment_evidence for this receipt_id"
26060761,1781956016304-1000795200.jpg,"Image(s) not found among payment_evidence for this receipt_id"
26060761,1781956016321-1000795204.jpg,"Image(s) not found among payment_evidence for this receipt_id"
26060761,1781956016332-1000795171.jpg,"Image(s) not found among payment_evidence for this receipt_id"
26060766,1781588810662-IMG-20260615-WA0062.jpg,"Image(s) not found among payment_evidence for this receipt_id"
26060771,1783295817927-1000703328.jpg,"Image(s) not found among payment_evidence for this receipt_id"
26060791,1782771684328-1000696724.jpg,"Image(s) not found among payment_evidence for this receipt_id"
26060793,1782951830788-1000698739.jpg,"Image(s) not found among payment_evidence for this receipt_id"
26060794,1782951803255-1000698739.jpg,"Image(s) not found among payment_evidence for this receipt_id"
26060795,1781561164951-IMG-20260615-WA0060.jpg,"Image(s) not found among payment_evidence for this receipt_id"
26060804,1782800705030-IMG-20260629-WA0048.jpg,"Image(s) not found among payment_evidence for this receipt_id"
26060804,1782800744401-IMG-20260629-WA0051.jpg,"Image(s) not found among payment_evidence for this receipt_id"
26060827,1781706552474-1000026107.jpg,"Image(s) not found among payment_evidence for this receipt_id"
26060841,1782598708557-1000694449.jpg,"Image(s) not found among payment_evidence for this receipt_id"
26060849,1782864828685-IMG-20260630-WA0009.jpg,"Image(s) not found among payment_evidence for this receipt_id"
26060849,1782907766012-IMG-20260630-WA0011.jpg,"Image(s) not found among payment_evidence for this receipt_id"
26060851,1782683659489-IMG-20260628-WA0028.jpg,"Image(s) not found among payment_evidence for this receipt_id"
26060856,1783290062913-IMG-20260706-WA0002.jpg,"Image(s) not found among payment_evidence for this receipt_id"
26060857,1782486930483-IMG-20260626-WA0013.jpg,"Image(s) not found among payment_evidence for this receipt_id"
26060859,1782486840823-IMG-20260626-WA0014.jpg,"Image(s) not found among payment_evidence for this receipt_id"
26060893,1782480011610-142129.jpg,"Image(s) not found among payment_evidence for this receipt_id"
26060898,1782385005028-1000310233.jpg,"Image(s) not found among payment_evidence for this receipt_id"
26060912,1782754745124-1000701904.jpg,"Image(s) not found among payment_evidence for this receipt_id"
26060933,1782501302893-IMG-20260626-WA0004.jpg,"Image(s) not found among payment_evidence for this receipt_id"
26060938,1781954882804-IMG-20260619-WA0046.jpg,"Image(s) not found among payment_evidence for this receipt_id"
26060947,1782061721938-IMG-20260621-WA0064.jpg,"Image(s) not found among payment_evidence for this receipt_id"
26060960,1782492261777-IMG-20260626-WA0006.jpg,"Image(s) not found among payment_evidence for this receipt_id"
26060979,1781956221015-1000795204.jpg,"Image(s) not found among payment_evidence for this receipt_id"
26060979,1781956221028-1000795190.jpg,"Image(s) not found among payment_evidence for this receipt_id"
26060979,1781956221043-1000795171.jpg,"Image(s) not found among payment_evidence for this receipt_id"
26060981,1783181299792-1000810477.jpg,"Image(s) not found among payment_evidence for this receipt_id"
26060991,1782644601067-1000637350.jpg,"Image(s) not found among payment_evidence for this receipt_id"
26060997,1783286046162-IMG-20260705-WA0060.jpg,"Image(s) not found among payment_evidence for this receipt_id"
26060999,1782768503940-1000696654.jpg,"Image(s) not found among payment_evidence for this receipt_id"
26061006,1782482323355-1000801022.jpg,"Image(s) not found among payment_evidence for this receipt_id"
26061009,1782060538582-IMG-20260621-WA0060.jpg,"Image(s) not found among payment_evidence for this receipt_id"
26061013,1782478737941-1000800898.jpg,"Image(s) not found among payment_evidence for this receipt_id"
26061018,1782859532062-1000697699.jpg,"Image(s) not found among payment_evidence for this receipt_id"
26061019,1782694946375-1000695658.jpg,"Image(s) not found among payment_evidence for this receipt_id"
26061020,1782060394393-IMG-20260621-WA0013.jpg,"Image(s) not found among payment_evidence for this receipt_id"
26061020,1782482892097-1000801018.jpg,"Image(s) not found among payment_evidence for this receipt_id"
26061020,1783108808815-1000809693.jpg,"Image(s) not found among payment_evidence for this receipt_id"
26061020,1783108826016-1000809693.jpg,"Image(s) not found among payment_evidence for this receipt_id"
26061024,1782509613038-IMG-20260626-WA0028.jpg,"Image(s) not found among payment_evidence for this receipt_id"
26061026,1782478925410-1000311022.jpg,"Image(s) not found among payment_evidence for this receipt_id"
26061027,1782479013164-1000311022.jpg,"Image(s) not found among payment_evidence for this receipt_id"
26061028,1782478968950-1000311022.jpg,"Image(s) not found among payment_evidence for this receipt_id"
26061029,1782482335861-1000028823.jpg,"Image(s) not found among payment_evidence for this receipt_id"
26061030,1782544787017-1000028984.jpg,"Image(s) not found among payment_evidence for this receipt_id"
26061045,1782757532492-144586.jpg,"Image(s) not found among payment_evidence for this receipt_id"
26061046,1782501850852-IMG-20260626-WA0043.jpg,"Image(s) not found among payment_evidence for this receipt_id"
26061048,1782779325374-IMG-20260629-WA0007.jpg,"Image(s) not found among payment_evidence for this receipt_id"
26061052,1782921291056-1000703537.jpg,"Image(s) not found among payment_evidence for this receipt_id"
26061053,1782566552431-IMG-20260623-WA0034.jpg,"Image(s) not found among payment_evidence for this receipt_id"
26061065,1782676654111-1000700289.jpg,"Image(s) not found among payment_evidence for this receipt_id"
26061075,1782766122237-1000696619.jpg,"Image(s) not found among payment_evidence for this receipt_id"
26061077,1782766071238-1000696619.jpg,"Image(s) not found among payment_evidence for this receipt_id"
26061089,1783067176329-1000809200.jpg,"Image(s) not found among payment_evidence for this receipt_id"
26061092,1782925255801-IMG-20260701-WA0054.jpg,"Image(s) not found among payment_evidence for this receipt_id"
26061092,1782943151373-IMG-20260701-WA0029.jpg,"Image(s) not found among payment_evidence for this receipt_id"
26061097,1783261713272-1000031316.jpg,"Image(s) not found among payment_evidence for this receipt_id"
26061098,1782511334425-142717.jpg,"Image(s) not found among payment_evidence for this receipt_id"
26061099,1782511389645-142720.jpg,"Image(s) not found among payment_evidence for this receipt_id"
26061100,1782511443984-142723.jpg,"Image(s) not found among payment_evidence for this receipt_id"
26061105,1782485914749-2a56c8d8-c9d1-4659-bfff-76b29cce7407.jpeg,"Image(s) not found among payment_evidence for this receipt_id"
26061107,1782231328399-IMG-20260623-WA0024.jpg,"Image(s) not found among payment_evidence for this receipt_id"
26061110,1782729516516-IMG-20260629-WA0003.jpg,"Image(s) not found among payment_evidence for this receipt_id"
26061110,1782729555954-IMG-20260629-WA0018.jpg,"Image(s) not found among payment_evidence for this receipt_id"
26061114,1782937771500-1000314470.jpg,"Image(s) not found among payment_evidence for this receipt_id"
26061118,1782833498826-1000702673.jpg,"Image(s) not found among payment_evidence for this receipt_id"
26061121,1782677407321-144023.jpg,"Image(s) not found among payment_evidence for this receipt_id"
26061122,1782479001547-1000800903.jpg,"Image(s) not found among payment_evidence for this receipt_id"
26061133,1783369691375-149211.jpg,"Image(s) not found among payment_evidence for this receipt_id"
26061139,1782752135407-IMG-20260629-WA0044.jpg,"Image(s) not found among payment_evidence for this receipt_id"
26061143,1782689885336-1000695607.jpg,"Image(s) not found among payment_evidence for this receipt_id"
26061150,1782482394610-1000028750.jpg,"Image(s) not found among payment_evidence for this receipt_id"
26061154,1782778905371-IMG-20260629-WA0017.jpg,"Image(s) not found among payment_evidence for this receipt_id"
26061160,1782678807578-1000698356.jpg,"Image(s) not found among payment_evidence for this receipt_id"
26061166,1782326212148-1000028257.jpg,"Image(s) not found among payment_evidence for this receipt_id"
26061185,1782800578871-IMG-20260629-WA0050.jpg,"Image(s) not found among payment_evidence for this receipt_id"
26061186,1782800644125-IMG-20260629-WA0050.jpg,"Image(s) not found among payment_evidence for this receipt_id"
26061188,1783281188366-IMG-20260705-WA0050.jpg,"Image(s) not found among payment_evidence for this receipt_id"
26061190,1783630454431-1000706988.jpg,"Image(s) not found among payment_evidence for this receipt_id"
26061198,1783035097483-1000699569.jpg,"Image(s) not found among payment_evidence for this receipt_id"
26061199,1782748648926-1000701842.jpg,"Image(s) not found among payment_evidence for this receipt_id"
26061201,1782752788757-1000637969.jpg,"Image(s) not found among payment_evidence for this receipt_id"
26061202,1782752857745-1000637976.jpg,"Image(s) not found among payment_evidence for this receipt_id"
26061203,1782479063622-1000311007.jpg,"Image(s) not found among payment_evidence for this receipt_id"
26061204,1782674490722-1000312284.jpg,"Image(s) not found among payment_evidence for this receipt_id"
26061205,1782757465421-144583.jpg,"Image(s) not found among payment_evidence for this receipt_id"
26061214,1782771629165-1000696723.jpg,"Image(s) not found among payment_evidence for this receipt_id"
26061216,1782545241647-1000028983.jpg,"Image(s) not found among payment_evidence for this receipt_id"
26061221,1783035564355-1000699592.jpg,"Image(s) not found among payment_evidence for this receipt_id"
26061227,1782477236127-IMG-20260626-WA0000.jpg,"Image(s) not found among payment_evidence for this receipt_id"
26061228,1782477352628-IMG-20260626-WA0001.jpg,"Image(s) not found among payment_evidence for this receipt_id"
26061231,1782477544849-Screenshot_Ù¢Ù Ù¢Ù¦Ù Ù¦Ù¢Ù¦_Ù¡Ù£Ù¥Ù©Ù Ù¥_CamScanner.jpg,"Image(s) not found among payment_evidence for this receipt_id"
26061232,1782477648821-IMG-20260626-WA0002.jpg,"Image(s) not found among payment_evidence for this receipt_id"
26061234,1782477775087-IMG-20260626-WA0009.jpg,"Image(s) not found among payment_evidence for this receipt_id"
26061238,1782478793291-IMG-20260626-WA0018.jpg,"Image(s) not found among payment_evidence for this receipt_id"
26061240,1782480081033-IMG-20260626-WA0020.jpg,"Image(s) not found among payment_evidence for this receipt_id"
26061241,1782480197275-IMG-20260626-WA0020.jpg,"Image(s) not found among payment_evidence for this receipt_id"
26061243,1782482394207-IMG-20260626-WA0023.jpg,"Image(s) not found among payment_evidence for this receipt_id"
26061248,1782486522144-IMG-20260626-WA0025.jpg,"Image(s) not found among payment_evidence for this receipt_id"
26061249,1782486660687-IMG-20260626-WA0025.jpg,"Image(s) not found among payment_evidence for this receipt_id"
26061263,1782499700828-IMG-20260626-WA0029.jpg,"Image(s) not found among payment_evidence for this receipt_id"
26061265,1782499804240-IMG-20260626-WA0030.jpg,"Image(s) not found among payment_evidence for this receipt_id"
26061301,1782553347342-Screenshot_Ù¢Ù Ù¢Ù¦Ù Ù¦Ù¢Ù§_Ù¡Ù¢Ù£Ù©Ù£Ù _CamScanner.jpg,"Image(s) not found among payment_evidence for this receipt_id"
26061309,1782564430842-IMG-20260627-WA0018.jpg,"Image(s) not found among payment_evidence for this receipt_id"
26061315,1782574827121-IMG-20260627-WA0012.jpg,"Image(s) not found among payment_evidence for this receipt_id"
26061323,1782591643583-IMG-20260627-WA0081.jpg,"Image(s) not found among payment_evidence for this receipt_id"
26061324,1782595837127-Screenshot_Ù¢Ù Ù¢Ù¦Ù Ù¦Ù¢Ù§_Ù¡Ù¥Ù¥Ù¨Ù¡Ù¥_CamScanner.jpg,"Image(s) not found among payment_evidence for this receipt_id"
26061327,1783545724639-15623.jpg,"Image(s) not found among payment_evidence for this receipt_id"
26061340,1782633943555-IMG-20260628-WA0007(1).jpg,"Image(s) not found among payment_evidence for this receipt_id"
26061341,1782634035505-IMG-20260628-WA0007(1).jpg,"Image(s) not found among payment_evidence for this receipt_id"
26061342,1782634135450-IMG-20260628-WA0007(1).jpg,"Image(s) not found among payment_evidence for this receipt_id"
26061343,1782639347841-IMG-20260628-WA0000.jpg,"Image(s) not found among payment_evidence for this receipt_id"
26061345,1782657332628-IMG-20260628-WA0014.jpg,"Image(s) not found among payment_evidence for this receipt_id"
26061346,1782657441793-IMG-20260628-WA0014.jpg,"Image(s) not found among payment_evidence for this receipt_id"
26061348,1782660606859-IMG-20260628-WA0003.jpg,"Image(s) not found among payment_evidence for this receipt_id"
26061351,1782664069401-IMG-20260628-WA0037.jpg,"Image(s) not found among payment_evidence for this receipt_id"
26061353,1782665580314-IMG-20260628-WA0039.jpg,"Image(s) not found among payment_evidence for this receipt_id"
26061354,"1782665956620-Screenshot_Ù¢Ù Ù¢Ù¦Ù Ù¦Ù¢Ù¨_Ù¡Ù©Ù Ù¢Ù¡Ù©_One UI Home.jpg","Image(s) not found among payment_evidence for this receipt_id"
26061358,1782670297899-IMG-20260628-WA0043(1).jpg,"Image(s) not found among payment_evidence for this receipt_id"
26061359,1782670526297-IMG-20260628-WA0035.jpg,"Image(s) not found among payment_evidence for this receipt_id"
26061364,1782673776597-Screenshot_Ù¢Ù Ù¢Ù¦Ù Ù¦Ù¢Ù¨_Ù¢Ù¢Ù Ù¥Ù Ù§_CamScanner.jpg,"Image(s) not found among payment_evidence for this receipt_id"
26061376,1782677206215-1000700792.jpg,"Image(s) not found among payment_evidence for this receipt_id"
26061376,1783273312456-1000707128.jpg,"Image(s) not found among payment_evidence for this receipt_id"
26061391,1782681105396-Screenshot_Ù¢Ù Ù¢Ù¦Ù Ù¦Ù¢Ù©_Ù Ù Ù Ù©Ù¡Ù§_CamScanner.jpg,"Image(s) not found among payment_evidence for this receipt_id"
26061393,1782681682832-Screenshot_Ù¢Ù Ù¢Ù¦Ù Ù¦Ù¢Ù©_Ù Ù Ù Ù©Ù¡Ù§_CamScanner.jpg,"Image(s) not found among payment_evidence for this receipt_id"
26061403,1782690171467-1000695607.jpg,"Image(s) not found among payment_evidence for this receipt_id"
26061413,1782725437095-IMG-20260629-WA0004.jpg,"Image(s) not found among payment_evidence for this receipt_id"
26061413,1782907534682-IMG-20260701-WA0001.jpg,"Image(s) not found among payment_evidence for this receipt_id"
26061413,1782907534712-IMG-20260629-WA0004.jpg,"Image(s) not found among payment_evidence for this receipt_id"
26061415,1782727723678-IMG-20260629-WA0010.jpg,"Image(s) not found among payment_evidence for this receipt_id"
26061420,1782731416416-IMG-20260629-WA0015.jpg,"Image(s) not found among payment_evidence for this receipt_id"
26061422,1782732230891-IMG-20260629-WA0009.jpg,"Image(s) not found among payment_evidence for this receipt_id"
26061422,1782732230917-IMG-20260629-WA0010.jpg,"Image(s) not found among payment_evidence for this receipt_id"
26061423,1782732363518-IMG-20260629-WA0010.jpg,"Image(s) not found among payment_evidence for this receipt_id"
26061423,1782732363534-IMG-20260629-WA0009.jpg,"Image(s) not found among payment_evidence for this receipt_id"
26061424,1782732475432-IMG-20260629-WA0010.jpg,"Image(s) not found among payment_evidence for this receipt_id"
26061424,1782732475458-IMG-20260629-WA0009.jpg,"Image(s) not found among payment_evidence for this receipt_id"
26061425,1782732575199-IMG-20260629-WA0010.jpg,"Image(s) not found among payment_evidence for this receipt_id"
26061425,1782732575227-IMG-20260629-WA0009.jpg,"Image(s) not found among payment_evidence for this receipt_id"
26061427,1782733246967-IMG-20260629-WA0016.jpg,"Image(s) not found among payment_evidence for this receipt_id"
26061428,1782733446282-IMG-20260629-WA0017.jpg,"Image(s) not found among payment_evidence for this receipt_id"
26061429,1782734787687-IMG-20260629-WA0022.jpg,"Image(s) not found among payment_evidence for this receipt_id"
26061429,1782917911482-IMG-20260701-WA0047.jpg,"Image(s) not found among payment_evidence for this receipt_id"
26061432,1782739286843-IMG-20260629-WA0032.jpg,"Image(s) not found among payment_evidence for this receipt_id"
26061437,1782746604789-IMG-20260629-WA0004.jpg,"Image(s) not found among payment_evidence for this receipt_id"
26061439,1782747786654-IMG-20260629-WA0046.jpg,"Image(s) not found among payment_evidence for this receipt_id"
26061440,1782747985228-IMG-20260629-WA0046.jpg,"Image(s) not found among payment_evidence for this receipt_id"
26061446,1782752359009-IMG-20260629-WA0007.jpg,"Image(s) not found among payment_evidence for this receipt_id"
26061456,1782762597721-IMG-20260629-WA0060.jpg,"Image(s) not found among payment_evidence for this receipt_id"
26061456,1782910403226-IMG-20260701-WA0032(1).jpg,"Image(s) not found among payment_evidence for this receipt_id"
26061461,1782765560942-1000696612.jpg,"Image(s) not found among payment_evidence for this receipt_id"
26061484,"1782816037394-Screenshot_Ù¢Ù Ù¢Ù¦Ù Ù¦Ù£Ù _Ù¡Ù£Ù£Ù£Ù Ù¦_One UI Home.jpg","Image(s) not found among payment_evidence for this receipt_id"
26061490,1782833732899-IMG-20260630-WA0029.jpg,"Image(s) not found among payment_evidence for this receipt_id"
26061496,1782840683187-IMG-20260630-WA0034.jpg,"Image(s) not found among payment_evidence for this receipt_id"
26061497,1782841005581-IMG-20260630-WA0037.jpg,"Image(s) not found among payment_evidence for this receipt_id"
26061498,1782841792283-IMG-20260630-WA0038.jpg,"Image(s) not found among payment_evidence for this receipt_id"
26061499,1782842532454-IMG-20260630-WA0023.jpg,"Image(s) not found among payment_evidence for this receipt_id"
26061500,1782842767521-IMG-20260630-WA0022.jpg,"Image(s) not found among payment_evidence for this receipt_id"
26070013,1782867246587-IMG-20260630-WA0028.jpg,"Image(s) not found among payment_evidence for this receipt_id"
26070014,1782867319231-IMG-20260630-WA0028.jpg,"Image(s) not found among payment_evidence for this receipt_id"
26070019,1782897335253-IMG-20260701-WA0016.jpg,"Image(s) not found among payment_evidence for this receipt_id"
26070020,1782898159834-IMG-20260630-WA0092.jpg,"Image(s) not found among payment_evidence for this receipt_id"
26070021,1782902834640-IMG-20260701-WA0020.jpg,"Image(s) not found among payment_evidence for this receipt_id"
26070022,1782902931385-IMG-20260701-WA0020.jpg,"Image(s) not found among payment_evidence for this receipt_id"
26070023,1782912641366-IMG-20260701-WA0033.jpg,"Image(s) not found among payment_evidence for this receipt_id"
26070026,1783538892418-IMG-20260708-WA0030.jpg,"Image(s) not found among payment_evidence for this receipt_id"
26070026,1783548239886-IMG-20260708-WA0044.jpg,"Image(s) not found among payment_evidence for this receipt_id"
26070027,1783538932082-IMG-20260708-WA0030.jpg,"Image(s) not found among payment_evidence for this receipt_id"
26070027,1783547881684-IMG-20260708-WA0044.jpg,"Image(s) not found among payment_evidence for this receipt_id"
26070031,1782925105513-IMG-20260701-WA0055.jpg,"Image(s) not found among payment_evidence for this receipt_id"
26070037,1782926550130-1000639732.jpg,"Image(s) not found among payment_evidence for this receipt_id"
26070037,1783283114101-1000643001.jpg,"Image(s) not found among payment_evidence for this receipt_id"
26070082,1782984701783-IMG-20260702-WA0004.jpg,"Image(s) not found among payment_evidence for this receipt_id"
26070084,1782987943250-IMG-20260702-WA0003.jpg,"Image(s) not found among payment_evidence for this receipt_id"
26070087,1782989629367-IMG-20260702-WA0011.jpg,"Image(s) not found among payment_evidence for this receipt_id"
26070089,1783005983566-IMG-20260702-WA0016.jpg,"Image(s) not found among payment_evidence for this receipt_id"
26070091,1783007887286-IMG-20260702-WA0028.jpg,"Image(s) not found among payment_evidence for this receipt_id"
26070095,1783013148511-IMG-20260702-WA0000.jpg,"Image(s) not found among payment_evidence for this receipt_id"
26070099,1783016137212-IMG-20260702-WA0044.jpg,"Image(s) not found among payment_evidence for this receipt_id"
26070100,1783018255424-IMG-20260702-WA0062.jpg,"Image(s) not found among payment_evidence for this receipt_id"
26070109,1783023851356-IMG-20260702-WA0043.jpg,"Image(s) not found among payment_evidence for this receipt_id"
26070110,1783024069948-IMG-20260702-WA0044.jpg,"Image(s) not found among payment_evidence for this receipt_id"
26070119,1783064544528-IMG-20260703-WA0009.jpg,"Image(s) not found among payment_evidence for this receipt_id"
26070126,1783070496158-IMG-20260703-WA0019.jpg,"Image(s) not found among payment_evidence for this receipt_id"
26070143,1783080653580-IMG-20260702-WA0037.jpg,"Image(s) not found among payment_evidence for this receipt_id"
26070146,1783081192950-IMG-20260702-WA0012.jpg,"Image(s) not found among payment_evidence for this receipt_id"
26070150,"1783082339355-Screenshot_20260703_153942_Samsung Notes.jpg","Image(s) not found among payment_evidence for this receipt_id"
26070153,1783520820262-1000032186.jpg,"Image(s) not found among payment_evidence for this receipt_id"
26070161,1783091509250-IMG-20260703-WA0032.jpg,"Image(s) not found among payment_evidence for this receipt_id"
26070162,1783091603103-IMG-20260703-WA0032.jpg,"Image(s) not found among payment_evidence for this receipt_id"
26070182,1783154683283-IMG-20260704-WA0002.jpg,"Image(s) not found among payment_evidence for this receipt_id"
26070186,1783630305720-1000706986.jpg,"Image(s) not found among payment_evidence for this receipt_id"
26070189,1783168444320-IMG-20260704-WA0015.jpg,"Image(s) not found among payment_evidence for this receipt_id"
26070191,1783172656070-IMG-20260704-WA0020.jpg,"Image(s) not found among payment_evidence for this receipt_id"
26070198,1783180443526-IMG-20260703-WA0016.jpg,"Image(s) not found among payment_evidence for this receipt_id"
26070200,1783181979530-IMG-20260704-WA0033(1).jpg,"Image(s) not found among payment_evidence for this receipt_id"
26070201,1783186969806-IMG-20260704-WA0019.jpg,"Image(s) not found among payment_evidence for this receipt_id"
26070203,1783189364241-IMG-20260704-WA0025.jpg,"Image(s) not found among payment_evidence for this receipt_id"
26070204,1783189901296-IMG-20260704-WA0000.jpg,"Image(s) not found among payment_evidence for this receipt_id"
26070208,1783191883842-IMG-20260704-WA0037.jpg,"Image(s) not found among payment_evidence for this receipt_id"
26070211,1783544906715-IMG-20260708-WA0038.jpg,"Image(s) not found among payment_evidence for this receipt_id"
26070232,1783236611617-IMG-20260705-WA0003.jpg,"Image(s) not found among payment_evidence for this receipt_id"
26070235,1783245594987-IMG-20260705-WA0007.jpg,"Image(s) not found among payment_evidence for this receipt_id"
26070238,1783250933154-IMG-20260705-WA0020.jpg,"Image(s) not found among payment_evidence for this receipt_id"
26070246,1783630080917-1000706978.jpg,"Image(s) not found among payment_evidence for this receipt_id"
26070251,1783268463658-IMG-20260705-WA0018.jpg,"Image(s) not found among payment_evidence for this receipt_id"
26070253,1783630147574-1000706980.jpg,"Image(s) not found among payment_evidence for this receipt_id"
26070263,"1783272959057-Screenshot_Ù¢Ù Ù¢Ù¦Ù Ù§Ù Ù¥_Ù¢Ù Ù£Ù£Ù¤Ù£_One UI Home.jpg","Image(s) not found among payment_evidence for this receipt_id"
26070272,"1783277561542-Screenshot_Ù¢Ù Ù¢Ù¦Ù Ù§Ù Ù¥_Ù¢Ù Ù£Ù£Ù¤Ù£_One UI Home.jpg","Image(s) not found among payment_evidence for this receipt_id"
26070293,1783286468597-IMG-20260627-WA0002.jpg,"Image(s) not found among payment_evidence for this receipt_id"
26070314,1783326434781-IMG-20260706-WA0012.jpg,"Image(s) not found among payment_evidence for this receipt_id"
26070314,1783363396370-1000707696.jpg,"Image(s) not found among payment_evidence for this receipt_id"
26070315,1783545163132-1000646383.jpg,"Image(s) not found among payment_evidence for this receipt_id"
26070321,"1783332835106-Screenshot_Ù¢Ù Ù¢Ù¦Ù Ù§Ù Ù¦_Ù¡Ù£Ù¡Ù¤Ù£Ù¥_One UI Home.jpg","Image(s) not found among payment_evidence for this receipt_id"
26070331,1783539482736-1000244052.jpg,"Image(s) not found among payment_evidence for this receipt_id"
26070334,1783351357905-IMG-20260706-WA0056.jpg,"Image(s) not found among payment_evidence for this receipt_id"
26070340,1783363177672-1000707696.jpg,"Image(s) not found among payment_evidence for this receipt_id"
26070340,1783364913838-1000707672.jpg,"Image(s) not found among payment_evidence for this receipt_id"
26070388,1783539561289-1000244052.jpg,"Image(s) not found among payment_evidence for this receipt_id"
26070389,1783437048415-IMG-20260707-WA0045.jpg,"Image(s) not found among payment_evidence for this receipt_id"
26070392,1783545909963-15870.jpg,"Image(s) not found among payment_evidence for this receipt_id"
26070393,1783545850396-15870.jpg,"Image(s) not found among payment_evidence for this receipt_id"
26070404,1783521133935-IMG-20260708-WA0009.jpg,"Image(s) not found among payment_evidence for this receipt_id"
26070410,1783531072420-15236.jpg,"Image(s) not found among payment_evidence for this receipt_id"
26070427,1783545217370-IMG-20260707-WA0032.jpg,"Image(s) not found among payment_evidence for this receipt_id"
26070437,1783611300735-1000646403.jpg,"Image(s) not found among payment_evidence for this receipt_id"
26070463,1783630512617-16943.jpg,"No transactions found in new db for this receipt_id"
